[
{"IDPROVINCIA":"000000","NOMBREPROVINCIA":"Nueva","IDDEPARTAMENTO":"250000"},
{"IDPROVINCIA":"010100","NOMBREPROVINCIA":"CHACHAPOYAS","IDDEPARTAMENTO":"010000"},
{"IDPROVINCIA":"010200","NOMBREPROVINCIA":"BAGUA","IDDEPARTAMENTO":"010000"},
{"IDPROVINCIA":"010300","NOMBREPROVINCIA":"BONGARA","IDDEPARTAMENTO":"010000"},
{"IDPROVINCIA":"010400","NOMBREPROVINCIA":"CONDORCANQUI","IDDEPARTAMENTO":"010000"},
{"IDPROVINCIA":"010500","NOMBREPROVINCIA":"LUYA","IDDEPARTAMENTO":"010000"},
{"IDPROVINCIA":"010600","NOMBREPROVINCIA":"RODRIGUEZ DE MENDOZA","IDDEPARTAMENTO":"010000"},
{"IDPROVINCIA":"010700","NOMBREPROVINCIA":"UTCUBAMBA","IDDEPARTAMENTO":"010000"},
{"IDPROVINCIA":"020100","NOMBREPROVINCIA":"HUARAZ","IDDEPARTAMENTO":"020000"},
{"IDPROVINCIA":"020200","NOMBREPROVINCIA":"AIJA","IDDEPARTAMENTO":"020000"},
{"IDPROVINCIA":"020300","NOMBREPROVINCIA":"LLAMELLIN","IDDEPARTAMENTO":"020000"},
{"IDPROVINCIA":"020400","NOMBREPROVINCIA":"CHACAS","IDDEPARTAMENTO":"020000"},
{"IDPROVINCIA":"020500","NOMBREPROVINCIA":"CHIQUIAN","IDDEPARTAMENTO":"020000"},
{"IDPROVINCIA":"020600","NOMBREPROVINCIA":"CARHUAZ","IDDEPARTAMENTO":"020000"},
{"IDPROVINCIA":"020700","NOMBREPROVINCIA":"SAN LUIS","IDDEPARTAMENTO":"020000"},
{"IDPROVINCIA":"020800","NOMBREPROVINCIA":"CASMA","IDDEPARTAMENTO":"020000"},
{"IDPROVINCIA":"020900","NOMBREPROVINCIA":"CORONGO","IDDEPARTAMENTO":"020000"},
{"IDPROVINCIA":"021000","NOMBREPROVINCIA":"HUARI","IDDEPARTAMENTO":"020000"},
{"IDPROVINCIA":"021100","NOMBREPROVINCIA":"HUARMEY","IDDEPARTAMENTO":"020000"},
{"IDPROVINCIA":"021200","NOMBREPROVINCIA":"CARAZ","IDDEPARTAMENTO":"020000"},
{"IDPROVINCIA":"021300","NOMBREPROVINCIA":"PISCOBAMBA","IDDEPARTAMENTO":"020000"},
{"IDPROVINCIA":"021400","NOMBREPROVINCIA":"OCROS","IDDEPARTAMENTO":"020000"},
{"IDPROVINCIA":"021500","NOMBREPROVINCIA":"CABANA","IDDEPARTAMENTO":"020000"},
{"IDPROVINCIA":"021600","NOMBREPROVINCIA":"POMABAMBA","IDDEPARTAMENTO":"020000"},
{"IDPROVINCIA":"021700","NOMBREPROVINCIA":"RECUAY","IDDEPARTAMENTO":"020000"},
{"IDPROVINCIA":"021800","NOMBREPROVINCIA":"CHIMBOTE","IDDEPARTAMENTO":"020000"},
{"IDPROVINCIA":"021900","NOMBREPROVINCIA":"SIHUAS","IDDEPARTAMENTO":"020000"},
{"IDPROVINCIA":"022000","NOMBREPROVINCIA":"YUNGAY","IDDEPARTAMENTO":"020000"},
{"IDPROVINCIA":"030100","NOMBREPROVINCIA":"ABANCAY","IDDEPARTAMENTO":"030000"},
{"IDPROVINCIA":"030200","NOMBREPROVINCIA":"ANDAHUAYLAS","IDDEPARTAMENTO":"030000"},
{"IDPROVINCIA":"030300","NOMBREPROVINCIA":"ANTABAMBA","IDDEPARTAMENTO":"030000"},
{"IDPROVINCIA":"030400","NOMBREPROVINCIA":"AYMARAES","IDDEPARTAMENTO":"030000"},
{"IDPROVINCIA":"030500","NOMBREPROVINCIA":"COTABAMBAS","IDDEPARTAMENTO":"030000"},
{"IDPROVINCIA":"030600","NOMBREPROVINCIA":"CHINCHEROS","IDDEPARTAMENTO":"030000"},
{"IDPROVINCIA":"030700","NOMBREPROVINCIA":"GRAU","IDDEPARTAMENTO":"030000"},
{"IDPROVINCIA":"040100","NOMBREPROVINCIA":"AREQUIPA","IDDEPARTAMENTO":"040000"},
{"IDPROVINCIA":"040200","NOMBREPROVINCIA":"CAMANA","IDDEPARTAMENTO":"040000"},
{"IDPROVINCIA":"040300","NOMBREPROVINCIA":"CARAVELI","IDDEPARTAMENTO":"040000"},
{"IDPROVINCIA":"040400","NOMBREPROVINCIA":"CASTILLA","IDDEPARTAMENTO":"040000"},
{"IDPROVINCIA":"040500","NOMBREPROVINCIA":"CAYLLOMA","IDDEPARTAMENTO":"040000"},
{"IDPROVINCIA":"040600","NOMBREPROVINCIA":"CONDESUYOS","IDDEPARTAMENTO":"040000"},
{"IDPROVINCIA":"040700","NOMBREPROVINCIA":"ISLAY","IDDEPARTAMENTO":"040000"},
{"IDPROVINCIA":"040800","NOMBREPROVINCIA":"LA UNION","IDDEPARTAMENTO":"040000"},
{"IDPROVINCIA":"050100","NOMBREPROVINCIA":"HUAMANGA","IDDEPARTAMENTO":"050000"},
{"IDPROVINCIA":"050200","NOMBREPROVINCIA":"CANGALLO","IDDEPARTAMENTO":"050000"},
{"IDPROVINCIA":"050300","NOMBREPROVINCIA":"HUANCA SANCOS","IDDEPARTAMENTO":"050000"},
{"IDPROVINCIA":"050400","NOMBREPROVINCIA":"HUANTA","IDDEPARTAMENTO":"050000"},
{"IDPROVINCIA":"050500","NOMBREPROVINCIA":"LA MAR","IDDEPARTAMENTO":"050000"},
{"IDPROVINCIA":"050600","NOMBREPROVINCIA":"LUCANAS","IDDEPARTAMENTO":"050000"},
{"IDPROVINCIA":"050700","NOMBREPROVINCIA":"PARINACOCHAS","IDDEPARTAMENTO":"050000"},
{"IDPROVINCIA":"050800","NOMBREPROVINCIA":"PAUCAR DEL SARA SARA","IDDEPARTAMENTO":"050000"},
{"IDPROVINCIA":"050900","NOMBREPROVINCIA":"SUCRE","IDDEPARTAMENTO":"050000"},
{"IDPROVINCIA":"051000","NOMBREPROVINCIA":"VICTOR FAJARDO","IDDEPARTAMENTO":"050000"},
{"IDPROVINCIA":"051100","NOMBREPROVINCIA":"VILCAS HUAMAN","IDDEPARTAMENTO":"050000"},
{"IDPROVINCIA":"060100","NOMBREPROVINCIA":"CAJAMARCA","IDDEPARTAMENTO":"060000"},
{"IDPROVINCIA":"060200","NOMBREPROVINCIA":"CAJABAMBA","IDDEPARTAMENTO":"060000"},
{"IDPROVINCIA":"060300","NOMBREPROVINCIA":"CELENDIN","IDDEPARTAMENTO":"060000"},
{"IDPROVINCIA":"060400","NOMBREPROVINCIA":"CHOTA","IDDEPARTAMENTO":"060000"},
{"IDPROVINCIA":"060500","NOMBREPROVINCIA":"CONTUMAZA","IDDEPARTAMENTO":"060000"},
{"IDPROVINCIA":"060600","NOMBREPROVINCIA":"CUTERVO","IDDEPARTAMENTO":"060000"},
{"IDPROVINCIA":"060700","NOMBREPROVINCIA":"HUALGAYOC","IDDEPARTAMENTO":"060000"},
{"IDPROVINCIA":"060800","NOMBREPROVINCIA":"JAEN","IDDEPARTAMENTO":"060000"},
{"IDPROVINCIA":"060900","NOMBREPROVINCIA":"SAN IGNACIO","IDDEPARTAMENTO":"060000"},
{"IDPROVINCIA":"061000","NOMBREPROVINCIA":"SAN MARCOS","IDDEPARTAMENTO":"060000"},
{"IDPROVINCIA":"061100","NOMBREPROVINCIA":"SAN MIGUEL","IDDEPARTAMENTO":"060000"},
{"IDPROVINCIA":"061200","NOMBREPROVINCIA":"SAN PABLO","IDDEPARTAMENTO":"060000"},
{"IDPROVINCIA":"061300","NOMBREPROVINCIA":"SANTA CRUZ","IDDEPARTAMENTO":"060000"},
{"IDPROVINCIA":"070000","NOMBREPROVINCIA":"CALLAO","IDDEPARTAMENTO":"070000"},
{"IDPROVINCIA":"080100","NOMBREPROVINCIA":"CUSCO","IDDEPARTAMENTO":"080000"},
{"IDPROVINCIA":"080200","NOMBREPROVINCIA":"ACOMAYO","IDDEPARTAMENTO":"080000"},
{"IDPROVINCIA":"080300","NOMBREPROVINCIA":"ANTA","IDDEPARTAMENTO":"080000"},
{"IDPROVINCIA":"080400","NOMBREPROVINCIA":"CALCA","IDDEPARTAMENTO":"080000"},
{"IDPROVINCIA":"080500","NOMBREPROVINCIA":"CANAS","IDDEPARTAMENTO":"080000"},
{"IDPROVINCIA":"080600","NOMBREPROVINCIA":"CANCHIS","IDDEPARTAMENTO":"080000"},
{"IDPROVINCIA":"080700","NOMBREPROVINCIA":"CHUMBIVILCAS","IDDEPARTAMENTO":"080000"},
{"IDPROVINCIA":"080800","NOMBREPROVINCIA":"ESPINAR","IDDEPARTAMENTO":"080000"},
{"IDPROVINCIA":"080900","NOMBREPROVINCIA":"LA CONVENCION","IDDEPARTAMENTO":"080000"},
{"IDPROVINCIA":"081000","NOMBREPROVINCIA":"PARURO","IDDEPARTAMENTO":"080000"},
{"IDPROVINCIA":"081100","NOMBREPROVINCIA":"PAUCARTAMBO","IDDEPARTAMENTO":"080000"},
{"IDPROVINCIA":"081200","NOMBREPROVINCIA":"QUISPICANCHI","IDDEPARTAMENTO":"080000"},
{"IDPROVINCIA":"081300","NOMBREPROVINCIA":"URUBAMBA","IDDEPARTAMENTO":"080000"},
{"IDPROVINCIA":"090100","NOMBREPROVINCIA":"HUANCAVELICA","IDDEPARTAMENTO":"090000"},
{"IDPROVINCIA":"090200","NOMBREPROVINCIA":"ACOBAMBA","IDDEPARTAMENTO":"090000"},
{"IDPROVINCIA":"090300","NOMBREPROVINCIA":"ANGARAES","IDDEPARTAMENTO":"090000"},
{"IDPROVINCIA":"090400","NOMBREPROVINCIA":"CASTROVIRREYNA","IDDEPARTAMENTO":"090000"},
{"IDPROVINCIA":"090500","NOMBREPROVINCIA":"CHURCAMPA","IDDEPARTAMENTO":"090000"},
{"IDPROVINCIA":"090600","NOMBREPROVINCIA":"HUAYTARA","IDDEPARTAMENTO":"090000"},
{"IDPROVINCIA":"090700","NOMBREPROVINCIA":"TAYACAJA","IDDEPARTAMENTO":"090000"},
{"IDPROVINCIA":"100100","NOMBREPROVINCIA":"HUANUCO","IDDEPARTAMENTO":"100000"},
{"IDPROVINCIA":"100200","NOMBREPROVINCIA":"AMBO","IDDEPARTAMENTO":"100000"},
{"IDPROVINCIA":"100300","NOMBREPROVINCIA":"DOS DE MAYO","IDDEPARTAMENTO":"100000"},
{"IDPROVINCIA":"100400","NOMBREPROVINCIA":"HUACAYBAMBA","IDDEPARTAMENTO":"100000"},
{"IDPROVINCIA":"100500","NOMBREPROVINCIA":"HUAMALIES","IDDEPARTAMENTO":"100000"},
{"IDPROVINCIA":"100600","NOMBREPROVINCIA":"LEONCIO PRADO","IDDEPARTAMENTO":"100000"},
{"IDPROVINCIA":"100700","NOMBREPROVINCIA":"MARAÑON","IDDEPARTAMENTO":"100000"},
{"IDPROVINCIA":"100800","NOMBREPROVINCIA":"PACHITEA","IDDEPARTAMENTO":"100000"},
{"IDPROVINCIA":"100900","NOMBREPROVINCIA":"PUERTO INCA","IDDEPARTAMENTO":"100000"},
{"IDPROVINCIA":"101000","NOMBREPROVINCIA":"LAURICOCHA","IDDEPARTAMENTO":"100000"},
{"IDPROVINCIA":"101100","NOMBREPROVINCIA":"YAROWILCA","IDDEPARTAMENTO":"100000"},
{"IDPROVINCIA":"110100","NOMBREPROVINCIA":"ICA","IDDEPARTAMENTO":"110000"},
{"IDPROVINCIA":"110200","NOMBREPROVINCIA":"CHINCHA","IDDEPARTAMENTO":"110000"},
{"IDPROVINCIA":"110300","NOMBREPROVINCIA":"NAZCA","IDDEPARTAMENTO":"110000"},
{"IDPROVINCIA":"110400","NOMBREPROVINCIA":"PALPA","IDDEPARTAMENTO":"110000"},
{"IDPROVINCIA":"110500","NOMBREPROVINCIA":"PISCO","IDDEPARTAMENTO":"110000"},
{"IDPROVINCIA":"120100","NOMBREPROVINCIA":"HUANCAYO","IDDEPARTAMENTO":"120000"},
{"IDPROVINCIA":"120200","NOMBREPROVINCIA":"CONCEPCION","IDDEPARTAMENTO":"120000"},
{"IDPROVINCIA":"120300","NOMBREPROVINCIA":"CHANCHAMAYO","IDDEPARTAMENTO":"120000"},
{"IDPROVINCIA":"120400","NOMBREPROVINCIA":"JAUJA","IDDEPARTAMENTO":"120000"},
{"IDPROVINCIA":"120500","NOMBREPROVINCIA":"JUNIN","IDDEPARTAMENTO":"120000"},
{"IDPROVINCIA":"120600","NOMBREPROVINCIA":"SATIPO","IDDEPARTAMENTO":"120000"},
{"IDPROVINCIA":"120700","NOMBREPROVINCIA":"TARMA","IDDEPARTAMENTO":"120000"},
{"IDPROVINCIA":"120800","NOMBREPROVINCIA":"YAULI","IDDEPARTAMENTO":"120000"},
{"IDPROVINCIA":"120900","NOMBREPROVINCIA":"CHUPACA","IDDEPARTAMENTO":"120000"},
{"IDPROVINCIA":"130100","NOMBREPROVINCIA":"TRUJILLO","IDDEPARTAMENTO":"130000"},
{"IDPROVINCIA":"130200","NOMBREPROVINCIA":"ASCOPE","IDDEPARTAMENTO":"130000"},
{"IDPROVINCIA":"130300","NOMBREPROVINCIA":"BOLIVAR","IDDEPARTAMENTO":"130000"},
{"IDPROVINCIA":"130400","NOMBREPROVINCIA":"CHEPEN","IDDEPARTAMENTO":"130000"},
{"IDPROVINCIA":"130500","NOMBREPROVINCIA":"JULCAN","IDDEPARTAMENTO":"130000"},
{"IDPROVINCIA":"130600","NOMBREPROVINCIA":"OTUZCO","IDDEPARTAMENTO":"130000"},
{"IDPROVINCIA":"130700","NOMBREPROVINCIA":"PACASMAYO","IDDEPARTAMENTO":"130000"},
{"IDPROVINCIA":"130800","NOMBREPROVINCIA":"PATAZ","IDDEPARTAMENTO":"130000"},
{"IDPROVINCIA":"130900","NOMBREPROVINCIA":"SANCHEZ CARRION","IDDEPARTAMENTO":"130000"},
{"IDPROVINCIA":"131000","NOMBREPROVINCIA":"SANTIAGO DE CHUCO","IDDEPARTAMENTO":"130000"},
{"IDPROVINCIA":"131100","NOMBREPROVINCIA":"GRAN CHIMU","IDDEPARTAMENTO":"130000"},
{"IDPROVINCIA":"131200","NOMBREPROVINCIA":"VIRU","IDDEPARTAMENTO":"130000"},
{"IDPROVINCIA":"140100","NOMBREPROVINCIA":"CHICLAYO","IDDEPARTAMENTO":"140000"},
{"IDPROVINCIA":"140200","NOMBREPROVINCIA":"FERREÑAFE","IDDEPARTAMENTO":"140000"},
{"IDPROVINCIA":"140300","NOMBREPROVINCIA":"LAMBAYEQUE","IDDEPARTAMENTO":"140000"},
{"IDPROVINCIA":"150100","NOMBREPROVINCIA":"LIMA","IDDEPARTAMENTO":"150000"},
{"IDPROVINCIA":"150200","NOMBREPROVINCIA":"BARRANCA","IDDEPARTAMENTO":"150000"},
{"IDPROVINCIA":"150300","NOMBREPROVINCIA":"CAJATAMBO","IDDEPARTAMENTO":"150000"},
{"IDPROVINCIA":"150400","NOMBREPROVINCIA":"CANTA","IDDEPARTAMENTO":"150000"},
{"IDPROVINCIA":"150500","NOMBREPROVINCIA":"CAÑETE","IDDEPARTAMENTO":"150000"},
{"IDPROVINCIA":"150600","NOMBREPROVINCIA":"HUARAL","IDDEPARTAMENTO":"150000"},
{"IDPROVINCIA":"150700","NOMBREPROVINCIA":"HUAROCHIRI","IDDEPARTAMENTO":"150000"},
{"IDPROVINCIA":"150800","NOMBREPROVINCIA":"HUAURA","IDDEPARTAMENTO":"150000"},
{"IDPROVINCIA":"150900","NOMBREPROVINCIA":"OYON","IDDEPARTAMENTO":"150000"},
{"IDPROVINCIA":"151000","NOMBREPROVINCIA":"YAUYOS","IDDEPARTAMENTO":"150000"},
{"IDPROVINCIA":"160100","NOMBREPROVINCIA":"MAYNAS","IDDEPARTAMENTO":"160000"},
{"IDPROVINCIA":"160200","NOMBREPROVINCIA":"ALTO AMAZONAS","IDDEPARTAMENTO":"160000"},
{"IDPROVINCIA":"160300","NOMBREPROVINCIA":"LORETO","IDDEPARTAMENTO":"160000"},
{"IDPROVINCIA":"160400","NOMBREPROVINCIA":"MARISCAL RAMON CASTILLA","IDDEPARTAMENTO":"160000"},
{"IDPROVINCIA":"160500","NOMBREPROVINCIA":"REQUENA","IDDEPARTAMENTO":"160000"},
{"IDPROVINCIA":"160600","NOMBREPROVINCIA":"UCAYALI","IDDEPARTAMENTO":"160000"},
{"IDPROVINCIA":"170100","NOMBREPROVINCIA":"TAMBOPATA","IDDEPARTAMENTO":"170000"},
{"IDPROVINCIA":"170200","NOMBREPROVINCIA":"MANU","IDDEPARTAMENTO":"170000"},
{"IDPROVINCIA":"170300","NOMBREPROVINCIA":"TAHUAMANU","IDDEPARTAMENTO":"170000"},
{"IDPROVINCIA":"180100","NOMBREPROVINCIA":"MARISCAL NIETO","IDDEPARTAMENTO":"180000"},
{"IDPROVINCIA":"180200","NOMBREPROVINCIA":"GENERAL SANCHEZ CERRO","IDDEPARTAMENTO":"180000"},
{"IDPROVINCIA":"180300","NOMBREPROVINCIA":"ILO","IDDEPARTAMENTO":"180000"},
{"IDPROVINCIA":"190100","NOMBREPROVINCIA":"PASCO","IDDEPARTAMENTO":"190000"},
{"IDPROVINCIA":"190200","NOMBREPROVINCIA":"DANIEL ALCIDES CARRION","IDDEPARTAMENTO":"190000"},
{"IDPROVINCIA":"190300","NOMBREPROVINCIA":"OXAPAMPA","IDDEPARTAMENTO":"190000"},
{"IDPROVINCIA":"200100","NOMBREPROVINCIA":"PIURA","IDDEPARTAMENTO":"200000"},
{"IDPROVINCIA":"200200","NOMBREPROVINCIA":"AYABACA","IDDEPARTAMENTO":"200000"},
{"IDPROVINCIA":"200300","NOMBREPROVINCIA":"HUANCABAMBA","IDDEPARTAMENTO":"200000"},
{"IDPROVINCIA":"200400","NOMBREPROVINCIA":"MORROPON","IDDEPARTAMENTO":"200000"},
{"IDPROVINCIA":"200500","NOMBREPROVINCIA":"PAITA","IDDEPARTAMENTO":"200000"},
{"IDPROVINCIA":"200600","NOMBREPROVINCIA":"SULLANA","IDDEPARTAMENTO":"200000"},
{"IDPROVINCIA":"200700","NOMBREPROVINCIA":"TALARA","IDDEPARTAMENTO":"200000"},
{"IDPROVINCIA":"200800","NOMBREPROVINCIA":"SECHURA","IDDEPARTAMENTO":"200000"},
{"IDPROVINCIA":"210100","NOMBREPROVINCIA":"PUNO","IDDEPARTAMENTO":"210000"},
{"IDPROVINCIA":"210200","NOMBREPROVINCIA":"AZANGARO","IDDEPARTAMENTO":"210000"},
{"IDPROVINCIA":"210300","NOMBREPROVINCIA":"CARABAYA","IDDEPARTAMENTO":"210000"},
{"IDPROVINCIA":"210400","NOMBREPROVINCIA":"CHUCUITO","IDDEPARTAMENTO":"210000"},
{"IDPROVINCIA":"210500","NOMBREPROVINCIA":"EL COLLAO","IDDEPARTAMENTO":"210000"},
{"IDPROVINCIA":"210600","NOMBREPROVINCIA":"HUANCANE","IDDEPARTAMENTO":"210000"},
{"IDPROVINCIA":"210700","NOMBREPROVINCIA":"LAMPA","IDDEPARTAMENTO":"210000"},
{"IDPROVINCIA":"210800","NOMBREPROVINCIA":"MELGAR","IDDEPARTAMENTO":"210000"},
{"IDPROVINCIA":"210900","NOMBREPROVINCIA":"MOHO","IDDEPARTAMENTO":"210000"},
{"IDPROVINCIA":"211000","NOMBREPROVINCIA":"SAN ANTONIO DE PUTINA","IDDEPARTAMENTO":"210000"},
{"IDPROVINCIA":"211100","NOMBREPROVINCIA":"SAN ROMAN","IDDEPARTAMENTO":"210000"},
{"IDPROVINCIA":"211200","NOMBREPROVINCIA":"SANDIA","IDDEPARTAMENTO":"210000"},
{"IDPROVINCIA":"211300","NOMBREPROVINCIA":"YUNGUYO","IDDEPARTAMENTO":"210000"},
{"IDPROVINCIA":"220100","NOMBREPROVINCIA":"MOYOBAMBA","IDDEPARTAMENTO":"220000"},
{"IDPROVINCIA":"220200","NOMBREPROVINCIA":"BELLAVISTA","IDDEPARTAMENTO":"220000"},
{"IDPROVINCIA":"220300","NOMBREPROVINCIA":"EL DORADO","IDDEPARTAMENTO":"220000"},
{"IDPROVINCIA":"220400","NOMBREPROVINCIA":"HUALLAGA","IDDEPARTAMENTO":"220000"},
{"IDPROVINCIA":"220500","NOMBREPROVINCIA":"LAMAS","IDDEPARTAMENTO":"220000"},
{"IDPROVINCIA":"220600","NOMBREPROVINCIA":"MARISCAL CACERES","IDDEPARTAMENTO":"220000"},
{"IDPROVINCIA":"220700","NOMBREPROVINCIA":"PICOTA","IDDEPARTAMENTO":"220000"},
{"IDPROVINCIA":"220800","NOMBREPROVINCIA":"RIOJA","IDDEPARTAMENTO":"220000"},
{"IDPROVINCIA":"220900","NOMBREPROVINCIA":"SAN MARTIN","IDDEPARTAMENTO":"220000"},
{"IDPROVINCIA":"221000","NOMBREPROVINCIA":"TOCACHE","IDDEPARTAMENTO":"220000"},
{"IDPROVINCIA":"230100","NOMBREPROVINCIA":"TACNA","IDDEPARTAMENTO":"230000"},
{"IDPROVINCIA":"230200","NOMBREPROVINCIA":"CANDARAVE","IDDEPARTAMENTO":"230000"},
{"IDPROVINCIA":"230300","NOMBREPROVINCIA":"JORGE BASADRE","IDDEPARTAMENTO":"230000"},
{"IDPROVINCIA":"230400","NOMBREPROVINCIA":"TARATA","IDDEPARTAMENTO":"230000"},
{"IDPROVINCIA":"240100","NOMBREPROVINCIA":"TUMBES","IDDEPARTAMENTO":"240000"},
{"IDPROVINCIA":"240200","NOMBREPROVINCIA":"CONTRALMIRANTE VILLAR","IDDEPARTAMENTO":"240000"},
{"IDPROVINCIA":"240300","NOMBREPROVINCIA":"ZARUMILLA","IDDEPARTAMENTO":"240000"},
{"IDPROVINCIA":"250100","NOMBREPROVINCIA":"CORONEL PORTILLO","IDDEPARTAMENTO":"250000"},
{"IDPROVINCIA":"250200","NOMBREPROVINCIA":"ATALAYA","IDDEPARTAMENTO":"250000"},
{"IDPROVINCIA":"250300","NOMBREPROVINCIA":"PADRE ABAD","IDDEPARTAMENTO":"250000"},
{"IDPROVINCIA":"250400","NOMBREPROVINCIA":"PURUS","IDDEPARTAMENTO":"250000"},
{"IDPROVINCIA":"250401","NOMBREPROVINCIA":"PURUS","IDDEPARTAMENTO":"250000"},
{"IDPROVINCIA":"250402","NOMBREPROVINCIA":"Provincia no Registrada","IDDEPARTAMENTO":"260000"}
]